"","metr.incid.15.24.int.35.36.m","metr.incid.15.24.int.35.36.w","metr.incid.15.24.int.36.37.m","metr.incid.15.24.int.36.37.w","metr.incid.15.24.int.37.38.m","metr.incid.15.24.int.37.38.w","metr.incid.15.24.int.38.39.m","metr.incid.15.24.int.38.39.w","metr.incid.15.24.int.39.40.m","metr.incid.15.24.int.39.40.w","metr.incid.25.39.int.35.36.m","metr.incid.25.39.int.35.36.w","metr.incid.25.39.int.36.37.m","metr.incid.25.39.int.36.37.w","metr.incid.25.39.int.37.38.m","metr.incid.25.39.int.37.38.w","metr.incid.25.39.int.38.39.m","metr.incid.25.39.int.38.39.w","metr.incid.25.39.int.39.40.m","metr.incid.25.39.int.39.40.w","metr.incid.40.49.int.35.36.m","metr.incid.40.49.int.35.36.w","metr.incid.40.49.int.36.37.m","metr.incid.40.49.int.36.37.w","metr.incid.40.49.int.37.38.m","metr.incid.40.49.int.37.38.w","metr.incid.40.49.int.38.39.m","metr.incid.40.49.int.38.39.w","metr.incid.40.49.int.39.40.m","metr.incid.40.49.int.39.40.w","metr.AAD.male","metr.SDAD.male","metr.slope.male","metr.WSD.male","metr.BSD.male","metr.intercept.male","metr.transm.av","metr.transm.med","metr.transm.sd",""
"1",0.00721289087138064,0.0114739068569903,0.00728344957596914,0.0114347895089349,0.00363978141387843,0.0155049370290316,0.00828381107063976,0.00876983925054957,0.00464493100233678,0.0167767694894307,0.00420629764151976,0,0.00919820672989073,0,0.00918845576368806,0,0.00823664555761453,0,0.00647574286200007,0,0.00119645192870264,0.0012396749568519,0.00478729395690399,0,0.00118330354288922,0,0.00119739010920602,0,0.0035967709006912,0,11.7270250126243,6.09093636086168,0.274861989597098,1.77891984311637,1.78657086400078,-1.43857669863632,2.49382716049383,2,2.62849699547119,112
"2",NA,NA,NA,NA,NA,NA,NA,NA,NA,NA,NA,NA,NA,NA,NA,NA,NA,NA,NA,NA,NA,NA,NA,NA,NA,NA,NA,NA,NA,NA,NA,NA,NA,NA,NA,NA,NA,NA,NA,113
"3",0.00696750986478186,0.0135130869987673,0.00616094420717966,0.0157513413768905,0.00359557326966368,0.011847884511747,0.00558557267940905,0.00843744075567258,0.00565808861404725,0.00387269048649353,0.00471356751101879,0,0.0140564437903812,0.00159744018702162,0.010096068192879,0,0.00458985172256317,0.000751923293483197,0.00221997380449786,0.00145660492323306,0.00587697771603267,0,0,0,0.00357016285295563,0,0.00235237150041574,0,0.00607035564414013,0,12.2569400978315,6.13274883376713,0.283875241235464,1.72422765689452,1.81124766818034,-1.61336023341281,2.60531309297913,2,2.78777379713487,114
"4",0.00765248151430318,0.0125055117529784,0.000957472356882069,0.0166547570447255,0.00292232813181276,0.00792808388635196,0.00495545187477291,0.0131138191885677,0.00720821961282874,0.014057953510731,0.00827597678671264,0.000926691957976749,0.00922403722472546,0.000923355334607421,0.00998516186504804,0,0.00887493543539433,0,0.00688052530076813,0.00179982985945769,0.00349936397007216,0,0.00118766714108715,0,0.0060631424149793,0,0.00252978144197208,0.00111253487398466,0.00255214575695442,0,12.4372546455026,6.05747049171328,0.292585426585259,1.81835418586406,1.85364574438556,-1.84700304649282,2.50873362445415,2,2.30993717908942,115
"5",0.00335826173688172,0.00805585541136367,0.00588781353918221,0.00719598761161025,0.000859393368110659,0.00825484545330236,0.00614731322404801,0.0130306385998388,0.00270707588871891,0.010525364333553,0.00745214065358986,0.00085892938113755,0.00819190972249427,0.000833165203878209,0.00482519411396015,0,0.00310809779264338,0.000790778262031702,0.0044930801383821,0.000779216708236988,0.0047783601035334,0,0.00119961473103433,0,0.0036022201151476,0,0.00485896021000803,0,0.00123105323990907,0,11.7425251400178,6.37441814354713,0.255790234867334,1.75893554499812,1.87529649647273,-1.13004673613623,2.55345911949686,2,2.78119691619734,116
"6",0.00883500189328759,0.00780924349686621,0.00165353317981428,0.0121067386481427,0.00752999453719844,0.00790924433561622,0.0016968272984579,0.00801455468341447,0.00258795885186792,0.00912742720220502,0.00473906074907809,0,0.00699063678086459,0,0.00906485939010508,0.00083605772453747,0.00591754586377106,0.000811911247888015,0.00435501499892817,0,0.00120932360607828,0,0.00243129932402695,0,0.00124454553624093,0,0.00124256431988957,0,0.00490247006276346,0,11.7085352576348,6.54352663781089,0.274085954687754,1.75563350901188,2.00170648516249,-1.36814465564742,2.59414225941423,2,2.58006532929102,117
"7",0.00260129675585025,0.0108304823415448,0.00349230362037715,0.0109567343154489,0,0.0112113165782472,0.00176680995122018,0.00664305974355889,0.00910255239504536,0.0114915794902378,0.00851776464287263,0.000901524992209474,0.00745317826681456,0.000874013946301703,0.00492607517679195,0.000847041612268174,0.00394717272044168,0,0.00378010342389211,0,0.00372540217848997,0,0.00892507150330803,0,0.00256233831579317,0,0.00388886225096075,0,0.00133669629666486,0,11.7339985429851,6.20495825149302,0.2731784075968,1.85197681566003,1.8451016160065,-1.48354171118726,2.52469135802469,2,2.56832558222206,118
"8",0.00334098284489033,0.007323931594634,0.00499897890467473,0.00835185982342987,0.00336204057391004,0.00744897941796817,0.00171782201311231,0.00759905315031804,0.00891601017622504,0.00667066068027982,0.0103553639315463,0,0.00851381478656828,0,0.00920078600309552,0.000847274603929642,0.00736117703162875,0,0.0094435782968161,0.00081547088215886,0.00363094235652916,0,0.00245562714658734,0,0.00247351743903281,0,0.00243516982330618,0,0.00122790153802375,0,11.9717092812699,6.15317435105741,0.285884201174027,1.81292979417909,2.02352946168305,-1.48927294263975,2.64523281596452,2,2.83126875782035,119
"9",0.00507726911043787,0.0099957629490011,0.0113498670085598,0.0149335204674323,0.0045393941282703,0.0124930661371875,0.00462570162844388,0.00876671045083714,0.00572221072939493,0.0112820193270541,0.00669482502346769,0.000858553959200002,0.0105571783224148,0.000832645086246125,0.00633301540119282,0,0.00547464963851476,0,0.007598307032329,0.000775196205372716,0.00484237605116103,0,0.00615303247780441,0,0.0061060830218431,0,0.00616579475966978,0,0.00253773434037326,0,11.3987026372645,6.38052686318937,0.258198165422736,1.79789755404643,1.76620318683659,-1.15794791940389,2.53614457831325,2,2.64835448610741,120
"10",0.00513517660489665,0.0129164032704115,0.00343554210294025,0.0120201763599955,0.0017384938855066,0.00745497941227817,0.0045198779993577,0.0131233671911442,0.00465452857045935,0.00665276974489637,0.00910174731996507,0,0.0106172753073306,0.000878677224270637,0.00643309754345955,0.00261373673439231,0.0053920401672296,0.000855870917198004,0.00595846291013845,0.00164519734553073,0.00798817118809939,0,0.00404736738516214,0,0.00264098635523436,0,0.00391988161699511,0,0.00263691914038504,0,12.2082270679712,6.23189196029503,0.273159226892614,1.81714327692877,1.83824131380323,-1.60661835194981,2.5,2,2.45561807295851,121
"11",0.00415763834668399,0.0139284595394421,0.00413495370038958,0.0167600130592506,0.0101081328848613,0.0216357704454375,0.0110748366256154,0.0123548466744247,0.007062460774816,0.0151822209993782,0.0124118459946508,0.000883853054157415,0.00814493806110652,0.00173334180802511,0.00870491491716316,0.000852006905039983,0.00622859798509571,0,0.0142897200847975,0.00164696914764183,0.00986488655174064,0,0.00379158187135686,0,0.00381831294914307,0,0.00638598157231112,0,0.00260630379520048,0,11.9826738278254,6.70178791118948,0.256930452996218,1.68278283306565,1.99641669944281,-1.34464490553735,2.5756880733945,2,2.96202101460875,122
"12",0.0042324005484378,0.0160477627714379,0.00514251625531499,0.0100318678003579,0.00535072703279246,0.00464655831687412,0.00550220905808975,0.0056279482920609,0.00187776492810882,0.00388158265923784,0.00743967063734533,0,0.00570809971306599,0.000840205962456762,0.0055550273431694,0.000823353806604363,0.00543065332657134,0.00161566111447433,0.00531894667191742,0.0015580935434641,0.0122883713593084,0,0.00618103343817632,0,0.0050532677798097,0,0.00126144890988463,0,0.00248223879520468,0,12.3660995610273,6.34263970678259,0.249372906412298,1.70950101098588,2.0015768339372,-1.19383581300494,2.45030425963489,2,2.52549297061708,123
"13",0.000868573268765423,0.0098364887206608,0.00876353060557936,0.0129942188757788,0.00803195244014241,0.00901497904925999,0.00182384843944191,0.0129375601453029,0.00653354085221393,0.0143443413471601,0.0118832763980473,0.00179124592116119,0.00582928122721126,0.00176660857259673,0.00899625592514455,0.000885046911303164,0.00877911214059818,0.000875134432838971,0.00931102738175729,0.000852934050356819,0.00126212506608218,0,0.00381096585231443,0,0.00508909477900596,0,0.00128865694074258,0,0.00392055228440227,0,12.5952527210098,5.98448090485762,0.274381635951948,1.67060206213157,1.7442097654217,-1.66155348661155,2.51535087719298,2,2.45392376707929,124
"14",0.0052721186982898,0.0172733472799226,0.00351390590996679,0.0118206207820003,0.005343325229124,0.015192712870925,0.00533481147491916,0.0123017934835855,0.00449479636487233,0.0115187845716774,0.0107170910759589,0.000932119857529163,0.00972956743132161,0.00181499648218983,0.0105109589804061,0.000892734937898708,0.00893159066333717,0.00178502714015037,0.00960261291416419,0.00257984319830413,0.0048211865049577,0,0.00722923497197995,0,0.00359153536876899,0,0.00592527062510188,0,0.00357559369034837,0,12.0973831645333,6.42671161428016,0.236620030895691,1.79895202721917,1.72737770846702,-1.11222804383321,2.6786703601108,2,2.57051970630068,125
"15",0.002808698236139,0.00271955298627864,0.00663638198547786,0.0100832295864779,0.00289973169869805,0.00755873807481157,0.000988210113517873,0.00583158708977848,0.00302592062777973,0.00500010745365671,0.0151845033818128,0.000920794044512188,0.00840026709459362,0.00180987325630696,0.00419062197904782,0.000874978146077076,0.00326650561679301,0,0.00393268556661544,0.000807466816682179,0,0,0.00343098377032665,0,0.00228589636975205,0,0.00233733371489672,0,0.00121314249905558,0,11.810791604421,6.14252285470393,0.312748337121487,1.81868692893817,1.80740044901029,-1.95431932332547,2.58909853249476,2,2.49430583141023,126
"16",0.00614435800506001,0.012285061622514,0.00383281009068669,0.0157611577745621,0.00537872551674776,0.0191697526214359,0.00693248941654889,0.0227681323682035,0.00694883569290596,0.0130002332478827,0.00633297005286622,0.000844177720416879,0.00846025457122815,0.00162807862165909,0.0129417174101421,0.000786787966742272,0.0196144161333632,0,0.0132657589824755,0,0.00127948504002162,0,0.00773274794740866,0,0.00127995756315813,0,0.00376504502258619,0,0.00633693892044308,0,11.8633293504899,6.40991337387545,0.250752717485962,1.70914888242501,1.77480714970833,-1.29341071778684,2.58409090909091,2,2.48406705805059,127
"17",0,0,0,0,0,0,0,0,0,0,0,0,0,0,0,0,0,0,0,0,0,0.00101978298796471,0,0.00304538439686103,0,0,0,0,0,0,12.0134416175843,6.09148748101576,0.300185089624138,1.95993219629698,1.76520395518024,-1.80653085143312,2.16326530612245,2,1.65008760847606,128
"18",0.00741457329219036,0.0121460859089903,0.00375643575950289,0.0113157685830753,0.00382824102104841,0.0113628014633902,0.0106594592490833,0.00574041569395067,0.00594125383366708,0.00970678114213438,0.0124141399438307,0.000953337997354391,0.0105629900464661,0,0.0112837067603799,0.00183105736206404,0.00509483144688012,0,0.00412537393005986,0.0017367635337521,0.00233286403747909,0,0.00232669100900167,0,0.00117015663812887,0,0.00351261679532349,0,0.00358881626367011,0,12.0274606303788,6.15382207165092,0.269607929164115,1.65185569953937,2.02342493727565,-1.42347890288554,2.52731591448931,2,2.31914180914251,129
"19",0.00587145993515838,0.0129768708206266,0.00508732823601947,0.00655460807751145,0.000873972575710636,0.011453380665731,0.00353519808670784,0.00770830559485823,0.00456865189203343,0.0118482681984904,0.00909257755145424,0.00192846362604592,0.00987065645155647,0,0.00560002837780646,0.00181700398479154,0.00547392355488406,0,0.0106112844838635,0,0.00469190547367716,0,0.00346062030051101,0,0.00232656605538732,0,0.00117050510370013,0,0.00117471172662562,0,12.0841112178909,5.97494337958682,0.267447411915801,1.72150163202779,1.65184997552144,-1.46452225555285,2.57113402061856,2,2.92777941559495,130
"20",0.00420373114903208,0.0154402101153056,0.0069193060356529,0.0118117674622806,0.00532662842709021,0.0156592511572569,0.00726842513773351,0.0133377196024163,0.011309342820142,0.0173172937603497,0.0129633628336244,0.00266848447466569,0.00843279297882978,0,0.00826990986155536,0.000855357739970328,0.00646730501321863,0.00166298371588736,0.0101749667103141,0,0.00125660422909971,0,0.00250058662316653,0,0.00250039952385252,0,0.00127155052555902,0,0.00129849652966876,0,11.9890056909066,6.00009241753876,0.256679997090444,1.75461424041886,1.68332825182989,-1.34483152640106,2.41222879684418,2,2.34514222558473,131
"21",0.00170470657417778,0.0109854304732328,0.00509321268165675,0.00910890088271525,0.00256671471138074,0.0118471306749781,0.00521922507786853,0.00818519870071902,0.00346405869836951,0.0081796110431432,0.00934336903035082,0,0.0118664237815869,0,0.00675418979142367,0.000968922528173996,0.0131663388420207,0,0.00399862156330185,0,0.00341322440681529,0,0.00453690448796104,0,0.00451796041496019,0,0.00235100583282666,0,0.00363252102939898,0,12.1693982408958,6.32870980996883,0.273336247525951,1.7380427500261,1.97429091305833,-1.48684911537984,2.67951807228916,2,2.83200135085467,132
"22",0.00323358682947263,0.0069673790192541,0.00243534290741796,0.0129129762069569,0.00487451355260896,0.0113155802087392,0.00486020067445151,0.0148705572572611,0.00244354650862439,0.010523106116251,0.00926844985944818,0.00277847148248728,0.00576916604181117,0,0.00729780537022177,0.000858223292773292,0.00642687710878982,0,0.00860334887460318,0,0.0023878602851692,0,0,0,0,0,0.00122178070175507,0,0.00121654354307339,0,12.4513179988536,6.02703885235984,0.291112055655247,1.72045448773665,1.94079077776531,-1.82521791198554,2.56,2,2.48084016035588,133
"23",NA,NA,NA,NA,NA,NA,NA,NA,NA,NA,NA,NA,NA,NA,NA,NA,NA,NA,NA,NA,NA,NA,NA,NA,NA,NA,NA,NA,NA,NA,NA,NA,NA,NA,NA,NA,NA,NA,NA,134
"24",0.00835237098558359,0.0083021584413206,0.00252146810460483,0.00941756671263995,0.00257367711108523,0.00957224476363251,0.00260060424269212,0.0107207923055533,0.00445021104875315,0.00893235183103435,0.0122306973182369,0,0.00680657921559558,0.00174482870721198,0.00838939160245244,0.000850749253716902,0.00657751480009132,0.000831350341274385,0.0094755369325497,0,0.00244443959562112,0,0.00498996923223502,0,0.00124857662856138,0,0.00505689012526064,0,0.00256669962203929,0,11.8640949147366,6.25269557366971,0.293668121156814,1.92622387272635,1.8572898859967,-1.59206459718564,2.63448275862069,2,2.425328501015,135
"25",0.00349065200443872,0.0101054716831348,0.00713235013845302,0.0147635556296328,0.00459996651811564,0.00928200976219007,0.0075832186755456,0.0132789210529292,0.00868787834183653,0.0108339012512786,0.0135978070253019,0,0.0209704750806347,0,0.0150286800021428,0.000921365503245263,0.00904756946269457,0,0.0079699839142849,0.000856874139973258,0.00620870594837208,0,0.0111743918737449,0,0.00496632000452998,0,0.00492745307623468,0,0.00256667756114955,0,12.4603389787386,6.31693968676368,0.258927248172961,1.66421336293616,1.90518625922197,-1.50776913715325,2.53995680345572,2,3.3032224850907,136
"26",0.00591911252702897,0.0148642069968118,0.0103142545651075,0.0156218888886693,0.00608291673148996,0.00890352413844243,0.00351531893557239,0.00980053743692995,0.0026635276661506,0.0126634908973287,0.0142444046601522,0,0.0115493291850187,0.000906707147092576,0.0129720679617008,0.00174045755874555,0.00788919742899851,0,0.00990621070401636,0.000833228334582394,0.00123357056885702,0,0.00861218060236335,0,0.00505431641930558,0,0,0,0.00521770314184908,0,11.9365012861645,6.03977319485408,0.259114571625539,1.71888635262298,1.72308246384279,-1.40389344767756,2.48195329087049,2,2.31443049516777,137
"27",0.00331210232102646,0.010430460135063,0.00169885139869263,0.00685280140466549,0.00694871282583613,0.00953536718058654,0.00802390167317025,0.00981707122103264,0.00650524857092426,0.0127032369456122,0.00968658299910542,0,0.00938634256336134,0.000850373181872556,0.00827156741553737,0,0.00641612833127062,0.000792472990006364,0.00695857647653759,0,0.00246806068745002,0,0.00124195197600882,0,0,0,0.003761290636292,0,0.00252406111730216,0,11.7141890297707,6.42314470018018,0.285869327537173,1.79065818274473,1.93518212988078,-1.66578409104028,2.40217391304348,2,2.15550055152868,138
"28",0.0031704632410107,0.0112658456324477,0.00159795232249232,0.013178437330144,0.00728724356641152,0.0125031909134692,0.00751011031155583,0.00983655407692957,0.00433535186544371,0.00996416221302003,0.0115190557795298,0,0.0130731517336933,0,0.00720530639445835,0,0.0131535164079268,0.000838373996643108,0.00522143766272867,0,0.00519877075819967,0,0.00520105605164328,0,0.00393540262476889,0,0.00541160277310154,0,0.00415446720875604,0,11.8026618700751,6.05163633726578,0.263670007222692,1.69155076051175,1.77184498144533,-1.40800752834586,2.6908315565032,2,2.69542607818016,139
"29",0.00888889081660235,0.0113536971750958,0.0024646910760936,0.0122776802849744,0.00829220499973184,0.0168976600904187,0.00683668509844258,0.0113028210419415,0.00264144065421023,0.00624893080941705,0.00949214020462314,0,0.00769194451787177,0.00178779227548938,0.00759949155675252,0.000871575388054684,0.00820366713250463,0,0.00789099093491682,0,0.00477631033046313,0,0.00715321288207515,0,0.00238634981462738,0,0.00611328162768742,0,0.00628818094817657,0,12.2932699349269,6.48110994943045,0.262890521316958,1.77733426532394,1.95492100362662,-1.36681506086344,2.63340122199593,2,2.52093771829228,140
"30",0.00937369794820173,0.0134101861922863,0.00440378210450316,0.0154033074042297,0.00265758670805031,0.0131572186020069,0.00266532301779766,0.0106945537617138,0.00455078750913008,0.0108486970734963,0.0221314874369514,0,0.0160207607058473,0.00178362013019879,0.010826378638419,0.0026084673116069,0.00914281528423592,0,0.0170025994752518,0,0.00237491819692212,0,0.00478849054202657,0,0.00122923274997385,0,0.00249394431816821,0,0.00251137831669754,0,11.9753548229352,6.2676796475464,0.246483734223479,1.70193046799454,1.77200093619224,-1.04577017224214,2.62870159453303,2,2.57423054953639,141
"31",0.0037498246109404,0.0118800979792701,0.00371910369059534,0.0109666067842275,0.00276700873706808,0.00721987248588467,0.00182947527147376,0.00541090265519252,0.000895757059749077,0.00826792431063914,0.00795919317726528,0,0.00606583732279572,0.000911335549415555,0.00757571466088105,0,0.00752865158727732,0,0.00735596567176014,0,0.00360137696996855,0,0,0,0,0,0.00366482728841351,0,0.00385705435088544,0,12.4752203679375,6.30827203508562,0.301691842833821,1.76401993258467,1.89446538944144,-1.94508000920156,2.71803278688525,2,2.45066506794325,142
"32",0.00263901103157078,0.00645307640574365,0.00269019867482045,0.0113187685772525,0.00275297670234089,0.00858317921624659,0.00385089466477192,0.00875564259394356,0.00300528291041319,0.00686894403984961,0.0110450720145632,0.000922467601132166,0.0057885594006245,0.000918714767313285,0.00728552506641515,0.000903580109524411,0.00787087030730395,0.00086837968205363,0.00689482285300832,0.000843904657856037,0.00250612673686866,0,0.00126034539463256,0,0.00257261768570501,0,0.00126952895880988,0,0.00505458259698006,0,12.2278840794685,6.26101749927989,0.275181056339683,1.78814214473117,1.8794521569991,-1.62698278133342,2.55973451327434,2,2.73978132397395,143
"33",0.00276100689495277,0.00862336234520115,0.00279505188136884,0.00870211917606373,0.00572613963340493,0.0127976595701544,0.00294382595196163,0.00797512892746091,0.00301073716983535,0.0102316863598305,0.00525759426567517,0.000937789447175453,0.00435574864672197,0,0.00852963975070525,0.000909258186573856,0.00664710869384086,0,0.00653723225192192,0,0.00480785841984619,0,0.00241724006132428,0,0.00481712659690367,0,0.00241213522962461,0,0,0,11.4551074881279,6.22637436717752,0.250048136987683,1.80633060747347,1.61517054730386,-1.14924364119034,2.65030674846626,2,3.22744457292241,144
"34",0.00450945968734093,0.01208448929458,0.003630499428734,0.00749462162517362,0.00184295122878305,0.00655764252739025,0.00283069654667323,0.0105116896334333,0.00196060797019041,0.00679492051868017,0.00505738029862043,0.000932770398237239,0.00819621309135987,0,0.0113042900045551,0,0.00882088526449383,0,0.00543103671295514,0.000826939495601974,0,0,0.00489388455913506,0,0.00248354138220828,0,0.00125075039080649,0,0,0,11.9139963969757,6.03033341507549,0.288908209262243,1.80759558334183,1.82502030382001,-1.72103025684526,2.63080168776371,2,2.62706288432943,145
"35",0.00237899119700582,0.00888286157823921,0.00242799435125527,0.00265301443328351,0.00984841681233143,0.0142041725564941,0.00825763366807829,0.0098176714528842,0.0102349340146291,0.0135151391756016,0.00331373856138688,0,0.00559259688542265,0.00183291445764105,0.00868213859537162,0.000897557757515573,0.0101252751605787,0,0.0074834511107165,0.00167366753871944,0.00121805809135654,0.0011986970594352,0.00364470475210374,0,0.00713130095295478,0,0.00236600942835754,0,0.00118886484086871,0,11.661144357663,6.59855706394693,0.252226848176006,1.77233057434056,1.72718039937696,-1.21535512327519,2.74926253687316,2,2.90566031747942,146
"36",0.00250397850482066,0.0133672031174383,0.00337607113686422,0.00899646381537506,0.00259055498732922,0.00823365000602599,0.003566135666373,0.00647306830917536,0.00365248417629353,0.00566732481838979,0.0106573820116347,0.000908675213414936,0.00716067999615454,0.00179319012263977,0.00307391959506787,0.00087827354574182,0.00522089122654724,0.00170109743685793,0.00361267550259971,0.000822515250565296,0.00510833015046474,0,0,0,0.00133769467919055,0,0.0013225997476161,0,0.00131133984434622,0,11.7225205536527,6.05589408627032,0.282678251725791,1.84901177522312,1.84266224117806,-1.56853309529267,2.57894736842105,2,2.9876343426212,147
"37",NA,NA,NA,NA,NA,NA,NA,NA,NA,NA,NA,NA,NA,NA,NA,NA,NA,NA,NA,NA,NA,NA,NA,NA,NA,NA,NA,NA,NA,NA,NA,NA,NA,NA,NA,NA,NA,NA,NA,148
"38",NA,NA,NA,NA,NA,NA,NA,NA,NA,NA,NA,NA,NA,NA,NA,NA,NA,NA,NA,NA,NA,NA,NA,NA,NA,NA,NA,NA,NA,NA,NA,NA,NA,NA,NA,NA,NA,NA,NA,149
"39",0.00610483303320152,0.0124574430579901,0.00528334346478243,0.0124364671434439,0.00541097926031503,0.0183997606505177,0.0036903143705287,0.0158488506641329,0.0084670599522916,0.0193836102042894,0.0134932833965393,0.0027526415952366,0.0132921081059255,0,0.0113411744744665,0,0.0112501092842196,0.000866183948304814,0.0136047145502908,0.000845770234806199,0.0045361285854382,0,0.00115484689210617,0,0.00349629378835138,0,0.00697708015351857,0,0.00720198347842775,0,11.7820705128215,6.61169182150928,0.265611388899279,1.7588183635316,1.89808702331249,-1.40552442946592,2.61460957178841,1,3.13179977964862,150
"40",0.00888145356315591,0.0168461236997221,0.00412797437899055,0.00899057977252201,0.0034057638096702,0.0162521226513016,0.00260127477227203,0.00646192861251632,0.00179174768223151,0.00666159845731221,0.0116293594524839,0,0.00686793578372823,0,0.00736207077843873,0,0.00933363458793934,0,0.00904914702382312,0.00228149473432484,0.00249706504640117,0,0.00250635631499941,0,0.00124993867119584,0,0.0037752198484375,0,0,0,11.8100121702867,6.12609809326613,0.285497412882374,1.8101080691831,1.76008229073107,-1.6349401157466,2.49805447470817,2,3.10206434896133,151
"41",0.0026186670466469,0.0110179492731387,0.00179696099400188,0.0138304759881716,0,0.010923287203529,0.00274392488915402,0.00996308865755083,0.0028075875923894,0.0071287913145438,0.00495308631318154,0.00189918774193051,0.00483613811648386,0,0.00638450558262614,0.00275323794184806,0.00471008418819275,0,0.00375534993684105,0.00176354240662866,0.00500426512950755,0,0.00246374774986565,0.00118898050843195,0,0,0.00364481646082474,0,0.00248380120980865,0,12.4583831489523,5.90962947184531,0.295275320214253,1.74434558830944,1.66453781233358,-2.0130078132646,2.47297297297297,2,2.15781203230547,152
"42",0.00360160125200872,0.0137591889453713,0.00453833324018657,0.0092482956134408,0.00460098355988786,0.0169386478350863,0.00190030499623881,0.00677334502811098,0.00382637378358244,0.0122676913319969,0.00508790397719068,0.000918912777427465,0.0117297009726494,0.0018122300683503,0.00663507527219737,0.000895474736470655,0.0041044273160953,0.00176330838037063,0.00649377545666947,0,0.00477032434669111,0,0.00241921250207937,0,0.00242686101233938,0,0.00238669558259671,0,0,0,12.2345515648388,6.01844228766257,0.293159796274461,1.81632793735812,1.82482737471948,-1.84132801620372,2.6137339055794,2,2.62431644064781,153
"43",0.00523754216557596,0.0123488452548488,0.00353888440572389,0.0105819703612667,0.00179182286561517,0.0127264556647705,0.00365322091859939,0.0141229665165788,0.0046318390710835,0.00724934649186564,0.0161844101126904,0.00174901701274485,0.0075164556785754,0,0.0139405223547094,0,0.00652136522146538,0.00082732397120806,0.00563177074442898,0.00162384167557638,0.00121917161913927,0,0.00371128080142954,0,0,0,0.00122950768180642,0,0.00242520072958091,0,11.6590640540945,6.3550353428963,0.258053156857005,1.66949625455435,1.77043380252767,-1.27784484491403,2.66179540709812,2,2.80361797633297,154
"44",0.00358877069952242,0.0186479972754664,0.00445123410522474,0.0131886039085703,0.00361309679345373,0.0131736925692215,0.00450527464478861,0.0123918823536413,0.0027117431518314,0.014324513482827,0.0123858390774142,0.00262819148298537,0.00445499004266656,0.0017338329059281,0.00774493823354452,0,0.00586997435510093,0.00172191517424518,0.00653904485472435,0.000829144657682361,0.00345408894293336,0,0.00570390690816751,0,0,0,0.00472951381915578,0,0.0036220932099651,0,12.4485574503847,6.36331876921723,0.265247957531171,1.6466413299478,1.92616147743789,-1.49263135214239,2.72491909385113,2,2.82935569450544,155
"45",NA,NA,NA,NA,NA,NA,NA,NA,NA,NA,NA,NA,NA,NA,NA,NA,NA,NA,NA,NA,NA,NA,NA,NA,NA,NA,NA,NA,NA,NA,NA,NA,NA,NA,NA,NA,NA,NA,NA,156
"46",0.00451483324454173,0.00539376041016135,0,0.00811367282956454,0.00182083434107844,0.0091968436949758,0.00093294900532798,0.00473499505017556,0.0019284925411599,0.00390415955790665,0.00417848400186911,0,0.00412061881476379,0,0.00323272041587403,0.000926227117417927,0.00870074919586941,0.000898861131341915,0.00686826824444936,0.000863767172292073,0,0,0.00361907741919392,0,0.00363480033345069,0,0.00120739613873096,0,0.00123024495800598,0,11.9898712708615,6.08181379504203,0.280850903657713,1.77008386038819,1.89887884686787,-1.54110872352142,2.43119266055046,2,2.19347820145719,157
"47",0.0113358913431048,0.012311167298608,0.0104036073130923,0.0190254509823663,0.0034342372127321,0.0105716137776325,0.00600994421287383,0.0205017683799105,0.00522621766780328,0.0157484480305579,0.0105530775012479,0,0.00973455825461427,0,0.0145792415276276,0,0.00804422566127467,0.000857411028142869,0.0102247604373037,0,0.00808800737193389,0,0.00232056489004287,0,0.0035090954797201,0,0.00346280338805073,0,0.00117131094705289,0,11.782700068766,6.43959524149868,0.263408572111017,1.70182539979786,2.03365301301642,-1.32210626208956,2.4683908045977,2,2.22680312512598,158
"48",0.00352123788895492,0.00860014112229342,0.00178616356818305,0.0076715180820954,0.00181128361227265,0.00686077735522104,0.00644798573607859,0.00812778533649645,0.00285930619263806,0.00816736684270599,0.0103574286033147,0.00091287112632818,0.00849614972866647,0,0.00503549207841461,0,0.0049890294267314,0.000853537310605284,0.0064501836369459,0.000833021262212481,0.00124637766340621,0,0.00250819399161723,0,0.00251963172429261,0,0.00251505414165317,0,0.00384316365652123,0,12.1531154721837,6.00864154240963,0.305793101835512,1.81681342658022,2.05542121593445,-1.87962798458408,2.4676724137931,2,2.09675007507731,159
"49",0.00268633568848158,0.00968453001489817,0.000901806478586236,0.0116001961512515,0.0045063603970558,0.00678198074975581,0.00274237122713359,0.0107213265385021,0.00461693389975457,0.00972418583151113,0.00866868549051664,0,0.00425320893059174,0.00193275576033312,0.00420707823185678,0.00190945267272241,0.0097312973448243,0.00189124930905399,0.00625269431108517,0.000925515901906741,0.00484550756988646,0,0.00361755557394316,0,0.00365240770947871,0,0.00373275737801055,0,0,0,11.580566060247,6.31561717689184,0.2725413264904,1.84197491809871,1.91825777629091,-1.41143757074534,2.61764705882353,2,2.93101315335731,160
"50",0.00683084808325641,0.0125092578156215,0.00336785929954135,0.00358957516791152,0.000840514462845913,0.00823784513069802,0.00168011827400921,0.00848697636795145,0.00341305864501812,0.0155850223028736,0.00609367679506853,0,0.00507382856316289,0.000929504707202959,0.00413864680224763,0.00178742275508256,0.00489574959564044,0.000856817418079174,0.0102748230881494,0.000817809815942836,0.0063553515080321,0,0.00128932903924199,0,0.00129016330598869,0,0.00129210345268495,0,0.00262168662846552,0,11.9892025124174,6.30498310128988,0.277110676716001,1.8531926398878,1.77705695437101,-1.66547678796669,2.62334801762115,2,2.84422365366758,161
"51",0.00164046133853786,0.0131577530110054,0.00745916135683898,0.0142282754529634,0.00083995286910739,0.0131754483966324,0,0.0122594893236914,0.00430131242521243,0.00849454933450739,0.0070771734777141,0.0027467024948229,0.00924436109414393,0,0.00758162756001633,0,0.00368643468708967,0.00259439392578694,0.00214898689698897,0.000850983445114767,0,0,0.00133222442356947,0,0.0013187856565503,0,0.00392612847759691,0,0.00129885954462895,0,11.9138687844893,6.23654240888814,0.271988657020102,1.71984667442432,1.7661130597771,-1.42507850460788,2.65181058495822,2,2.86545419056241,162
"52",0.00249965308736228,0.00456029555223563,0.00349014853599185,0.010118609521619,0.00360126481273695,0.00944412129103925,0.00373358994840401,0.00879127238393017,0.00497823795597164,0.0151496613935271,0.00872400168236313,0.000903821116869393,0.00662318363904025,0,0.00731438607875524,0,0.00633079011008967,0.000824326590796861,0.0114267573973213,0,0.00625043173837162,0,0.00255585860527448,0,0.001270383704619,0,0.00511578053925784,0,0.0066070640384962,0,12.3048549710527,6.03362564329566,0.270008718635595,1.71479449758353,1.8813395832781,-1.45611825289254,2.63960396039604,2,2.70229470417981,163
"53",0,0,0,0,0,0,0,0,0,0,0,0,0,0,0,0,0,0,0,0,0,0,0,0,0,0,0,0,0,0,12.3527848197058,6.08464548003988,0.27571262738842,1.93330603900725,1.70228887945075,-1.7066227648456,1.77777777777778,1,1.98606254796883,164
"54",0.00753266182381646,0.0134008500511014,0.00694832006468719,0.00977885759929852,0.00270361831470995,0.00719409896814866,0.00091258033406111,0.00830412297738818,0.00184021465137743,0.00573943772886368,0.013581232117938,0.000876241962667325,0.00411177191192127,0.00174283516216213,0.00240846372449229,0,0.00472057376457181,0.00166183832590536,0.00461874840087203,0,0.00386025595682985,0,0.00392686886962652,0,0.0038891631817005,0,0.00384682926029862,0,0,0,11.587284488259,6.50182076305712,0.286935449695889,1.8617714669138,1.9922153745537,-1.57467549094013,2.50851063829787,1,2.8462618875107,165
"55",0.00611719353975279,0.0173627680513812,0.00260985976749398,0.0124806311293519,0.00342861864651479,0.0117753182106798,0.00429615706542876,0.0108510704991278,0.007733760413164,0.0127451623958494,0.00876380722403122,0.00184646644214914,0.0086502362471502,0.00277589165025354,0.0137515519961469,0.00272636383105985,0.0135738814696429,0.00450506558900142,0.0115995402817092,0.00266871808400667,0.00709327894065372,0,0.00599254105525225,0,0.00488836246115527,0.00107763606816799,0.00366264143208473,0,0.00248574936104612,0.00220339058413952,12.244193500869,6.2803065616431,0.29785543666609,1.86591725563967,1.87226909546405,-1.96172185520711,2.64457831325301,2,2.50820486389856,166
"56",0.00625421569493534,0.0140809210671561,0.0071726249868085,0.0102378372910385,0.00904674299794172,0.00922702120240623,0.00548127220273214,0.01037700404096,0.00373500884737582,0.0126060452017557,0.0138665324722666,0.000954584859709564,0.010042283715606,0.000948253462032626,0.0153387972991857,0,0.0135500745577759,0,0.00874043973844078,0,0.00489403977434579,0,0.00372026028360211,0,0.00248344867910095,0,0.00251300037313151,0,0.00128341003930084,0,12.7313172374716,6.19685525569218,0.293904608617767,1.72419037541031,1.99295989620721,-1.86489279796887,2.48660714285714,2,2.49111155609606,167
